tip.label,FSA,acidPhosphatase_count,alphaGlucosidase15_count,alphaGlucosidase31_count,alphaManNAase76_count,aminoAcidPermease_count,ammoniumTransporter_count,amylase88_count,auxinResponsivePromoter_count,betaGlucanSynthase_count,betaGlucosidase1_count,betaXylosidase43_count,cellobiohydrolase6_count,cellobiohydrolase7_count,chitinase_count,chitosanase8_count,coldShockProtein_count,crystalineCellulaseAA9_count,endoglucanase12_count,endoglucanase9_count,fungalLigninPeroxidase_count,glucosidase81_count,glycopeptidase85_count,glycoproteinSynthesis92_count,heatShockProtein_count,invertase32_count,melanin_count,nitrateTransporter_count,phosphateTransporter_count,RNAHelicase_count,RNApolymerase_count,trehalase_count,extension_rate,fruiting_body_size,spore_length,spore_size,spore_width,Cohens_d_Glucose,Cohens_d_Lignin,Cohens_d_Tannin,Cohens_d_Xylan,melanin_content,sporocarp_chitin,sporocarp_N,sporocarp_protein,sporocarp_resp,tissue_c,tissue_n,tissue_p
Paxillus_involutus,0,22,4,5,0,0,2,2,27,3,4,0,0,0,13,0,0,5,0,6,0,0,1,4,7,0,14,1,0,19,31,3,NA,9025,9,158.5247653,5.8,NA,NA,NA,NA,121.002797,7,4,67,12,43.73333333,3.1625,0.526
Amanita_muscaria,1,8,2,5,0,0,1,1,0,2,0,2,0,0,13,0,0,2,0,1,0,1,1,4,16,0,3,0,0,21,26,2,NA,16900,9,199.0984344,6.5,NA,NA,NA,NA,46.38060948,9,4.1,37,10,44.38333333,4.566666667,0.625
Mycena_pura,1,NA,NA,NA,NA,NA,NA,NA,NA,NA,NA,NA,NA,NA,NA,NA,NA,NA,NA,NA,NA,NA,NA,NA,NA,NA,NA,NA,NA,NA,NA,NA,NA,900,6.5,41.69155251,3.5,NA,0.894427191,NA,NA,NA,9,5.9,94,24,43.7,6.6,NA
Pluteus_cervinus,1,NA,NA,NA,NA,NA,NA,NA,NA,NA,NA,NA,NA,NA,NA,NA,NA,NA,NA,NA,NA,NA,NA,NA,NA,NA,NA,NA,NA,NA,NA,NA,NA,7225,7.3,115.6236996,5.5,NA,NA,NA,NA,NA,11,3.9,33,15,44,3.76,0.93
Pleurotus_ostreatus,1,13,3,8,2,1,3,5,0,2,5,8,2,17,11,0,0,29,2,1,9,0,1,6,12,1,4,0,1,19,30,3,NA,NA,NA,NA,NA,NA,NA,NA,NA,66.72186309,NA,NA,NA,NA,43.44086957,4.776,0.718888889
Hygrophoropsis_aurantiaca,1,NA,NA,NA,NA,NA,NA,NA,NA,NA,NA,NA,NA,NA,NA,NA,NA,NA,NA,NA,NA,NA,NA,NA,NA,NA,NA,NA,NA,NA,NA,NA,NA,NA,NA,NA,NA,NA,NA,NA,NA,NA,NA,NA,NA,NA,41.6,4.6,NA
Armillaria_ostoyae,1,NA,NA,NA,NA,NA,NA,NA,NA,NA,NA,NA,NA,NA,NA,NA,NA,NA,NA,NA,NA,NA,NA,NA,NA,NA,NA,NA,NA,NA,NA,NA,NA,3600,9,142.5497667,5.5,NA,NA,NA,NA,NA,NA,NA,NA,NA,NA,NA,NA
Mycena_sanguinolenta,1,NA,NA,NA,NA,NA,NA,NA,NA,NA,NA,NA,NA,NA,NA,NA,NA,NA,NA,NA,NA,NA,NA,NA,NA,NA,NA,NA,NA,NA,NA,NA,NA,100,8.5,125.0170617,5.3,NA,NA,NA,NA,NA,NA,NA,NA,NA,NA,NA,NA
Galerina_marginata,1,10,3,4,2,1,4,5,2,4,9,4,3,12,16,0,0,18,4,1,23,0,1,7,9,1,4,2,0,17,27,2,NA,306,9,142.5497667,5.5,NA,NA,0.894427191,NA,NA,NA,NA,NA,NA,NA,NA,NA
Armillaria_mellea,1,11,5,5,1,0,4,3,0,2,10,5,2,4,12,0,0,21,4,2,10,0,1,4,10,0,12,0,1,17,19,3,NA,3600,8,126.7109037,5.5,NA,NA,NA,NA,NA,NA,NA,NA,NA,44,1.96,0.746666667
Schizophyllum_commune,0,NA,NA,NA,NA,NA,NA,NA,NA,NA,NA,NA,NA,NA,NA,NA,NA,NA,NA,NA,NA,NA,NA,NA,NA,NA,NA,NA,NA,NA,NA,NA,3.49,NA,NA,NA,NA,NA,NA,NA,NA,NA,NA,NA,NA,NA,NA,NA,NA
Armillaria_gallica,1,NA,NA,NA,NA,NA,NA,NA,NA,NA,NA,NA,NA,NA,NA,NA,NA,NA,NA,NA,NA,NA,NA,NA,NA,NA,NA,NA,NA,NA,NA,NA,0.328888889,NA,NA,NA,NA,NA,NA,NA,NA,NA,NA,NA,NA,NA,NA,NA,NA
Tolypocladium_ophioglossoides,1,NA,NA,NA,NA,NA,NA,NA,NA,NA,NA,NA,NA,NA,NA,NA,NA,NA,NA,NA,NA,NA,NA,NA,NA,NA,NA,NA,NA,NA,NA,NA,NA,NA,NA,NA,NA,NA,NA,NA,NA,NA,NA,NA,NA,NA,NA,NA,NA
Claviceps_purpurea,0,NA,NA,NA,NA,NA,NA,NA,NA,NA,NA,NA,NA,NA,NA,NA,NA,NA,NA,NA,NA,NA,NA,NA,NA,NA,NA,NA,NA,NA,NA,NA,NA,NA,NA,NA,NA,NA,NA,NA,NA,NA,NA,NA,NA,NA,NA,NA,NA
Ustilago_maydis,1,15,1,3,1,0,2,2,0,1,0,2,0,0,2,1,0,0,0,2,0,0,1,3,1,2,1,0,1,18,24,2,NA,NA,NA,NA,NA,NA,NA,NA,NA,40.69521123,NA,NA,NA,NA,NA,NA,NA
Zygosaccharomyces_rouxii,0,1,1,2,2,6,2,0,0,2,1,0,0,0,2,0,0,0,0,1,0,1,1,0,6,1,0,0,0,18,26,1,NA,NA,NA,NA,NA,NA,NA,NA,NA,NA,NA,NA,NA,NA,NA,NA,NA
Tremella_mesenterica,0,8,2,2,0,0,1,1,0,1,1,0,0,0,3,0,0,0,0,1,0,0,0,1,0,0,0,0,0,19,21,2,NA,NA,NA,NA,NA,NA,NA,NA,NA,NA,NA,NA,NA,NA,NA,NA,NA
Penicillium_chrysogenum,0,12,4,12,7,3,3,2,0,1,4,11,1,2,11,0,0,4,4,1,0,1,0,4,6,6,6,1,3,18,27,1,NA,NA,NA,NA,NA,NA,NA,NA,NA,NA,NA,NA,NA,NA,NA,NA,NA
Aspergillus_flavus,1,17,3,10,10,3,3,5,0,1,3,17,1,3,16,0,0,7,5,0,0,1,0,6,4,4,10,1,4,19,24,1,NA,NA,NA,NA,NA,NA,NA,NA,NA,1.43,NA,NA,NA,NA,NA,NA,NA
Aspergillus_niger,1,17,2,7,11,3,3,3,0,1,4,10,2,2,15,0,0,7,4,0,0,1,0,5,4,4,8,1,1,19,27,1,6.5,NA,NA,NA,NA,NA,NA,NA,NA,2.24,NA,NA,NA,NA,NA,NA,NA
Aspergillus_ruber,0,9,3,5,8,2,3,2,0,1,5,7,0,2,8,0,0,5,2,0,0,1,0,2,2,4,3,1,1,19,26,1,NA,NA,NA,NA,NA,NA,NA,NA,NA,NA,NA,NA,NA,NA,NA,NA,NA
Botrytis_cinerea,0,11,4,6,9,1,1,2,0,1,6,5,1,3,7,0,0,9,4,0,0,2,0,5,2,2,9,1,1,18,26,1,NA,NA,NA,NA,NA,NA,NA,NA,NA,NA,NA,NA,NA,NA,NA,NA,NA
Aspergillus_fumigatus,1,12,5,7,7,2,3,4,0,1,9,16,1,4,16,0,0,7,4,0,0,1,0,4,4,4,3,2,3,20,26,1,NA,NA,NA,NA,NA,NA,NA,NA,NA,NA,NA,NA,NA,NA,NA,NA,NA
Colletotrichum_higginsianum,1,13,5,7,11,1,4,8,0,1,1,17,2,8,20,0,0,22,10,1,6,2,0,5,3,0,21,1,6,18,29,3,NA,NA,NA,NA,NA,NA,NA,NA,NA,NA,NA,NA,NA,NA,NA,NA,NA
Macrophomina_phaseolina,0,13,2,11,9,2,3,5,0,2,8,20,0,3,10,0,0,10,3,0,3,3,0,6,4,5,11,0,2,15,27,2,NA,NA,NA,NA,NA,NA,NA,NA,NA,NA,NA,NA,NA,NA,NA,NA,NA
Aspergillus_terreus,0,13,2,11,9,2,3,2,0,1,4,17,2,4,20,0,0,12,6,0,0,1,0,6,4,6,4,1,3,18,22,1,NA,NA,NA,NA,NA,NA,NA,NA,NA,NA,NA,NA,NA,NA,NA,NA,NA
Aspergillus_clavatus,1,14,6,5,8,2,3,3,0,1,5,12,2,4,13,0,1,7,3,1,0,1,0,3,2,1,4,1,3,20,26,1,NA,NA,NA,NA,NA,NA,NA,NA,NA,NA,NA,NA,NA,NA,NA,NA,NA
Colletotrichum_graminicola,0,15,3,6,9,2,4,5,0,1,3,14,1,6,21,0,0,26,6,0,5,2,0,4,2,3,13,1,4,18,28,2,NA,NA,NA,NA,NA,NA,NA,NA,NA,NA,NA,NA,NA,NA,NA,NA,NA
Colletotrichum_gloeosporioides,0,NA,NA,NA,NA,NA,NA,NA,NA,NA,NA,NA,NA,NA,NA,NA,NA,NA,NA,NA,NA,NA,NA,NA,NA,NA,NA,NA,NA,NA,NA,NA,NA,NA,NA,NA,NA,NA,NA,NA,NA,NA,NA,NA,NA,NA,NA,NA,NA
Monilinia_laxa,0,NA,NA,NA,NA,NA,NA,NA,NA,NA,NA,NA,NA,NA,NA,NA,NA,NA,NA,NA,NA,NA,NA,NA,NA,NA,NA,NA,NA,NA,NA,NA,NA,NA,NA,NA,NA,NA,NA,NA,NA,NA,NA,NA,NA,NA,NA,NA,NA
Cryphonectria_parasitica,1,NA,NA,NA,NA,NA,NA,NA,NA,NA,NA,NA,NA,NA,NA,NA,NA,NA,NA,NA,NA,NA,NA,NA,NA,NA,NA,NA,NA,NA,NA,NA,NA,NA,NA,NA,NA,NA,NA,NA,NA,NA,NA,NA,NA,NA,NA,NA,NA
Botryosphaeria_dothidea,0,NA,NA,NA,NA,NA,NA,NA,NA,NA,NA,NA,NA,NA,NA,NA,NA,NA,NA,NA,NA,NA,NA,NA,NA,NA,NA,NA,NA,NA,NA,NA,NA,NA,NA,NA,NA,NA,NA,NA,NA,NA,NA,NA,NA,NA,NA,NA,NA
Cadophora_sp.,1,NA,NA,NA,NA,NA,NA,NA,NA,NA,NA,NA,NA,NA,NA,NA,NA,NA,NA,NA,NA,NA,NA,NA,NA,NA,NA,NA,NA,NA,NA,NA,NA,NA,NA,NA,NA,NA,NA,NA,NA,NA,NA,NA,NA,NA,NA,NA,NA
Blumeria_graminis,0,8,1,1,7,1,1,0,0,1,1,0,0,0,8,0,0,1,0,0,0,1,0,2,17,0,3,0,0,18,29,1,NA,NA,NA,NA,NA,NA,NA,NA,NA,NA,NA,NA,NA,NA,NA,NA,NA
Aspergillus_nidulans,1,11,2,10,7,1,3,5,0,1,4,14,1,3,19,0,0,10,1,2,0,1,0,5,5,2,9,2,4,19,26,1,NA,NA,NA,NA,NA,-1.043498389,-0.559016994,-0.566166296,0.277363707,NA,NA,NA,NA,NA,NA,NA,NA
Fistulina_hepatica,1,8,3,5,2,0,1,6,0,2,1,2,0,4,13,0,0,5,2,0,0,4,1,7,9,0,3,0,0,19,27,2,NA,NA,NA,NA,NA,NA,NA,NA,NA,NA,2,4,40,46,NA,NA,NA
Fomitopsis_betulina,1,NA,NA,NA,NA,NA,NA,NA,NA,NA,NA,NA,NA,NA,NA,NA,NA,NA,NA,NA,NA,NA,NA,NA,NA,NA,NA,NA,NA,NA,NA,NA,NA,NA,NA,NA,NA,NA,NA,NA,NA,NA,2.8,2.4,7,3,44,1.573333333,NA
Laetiporus_sulphureus,1,NA,NA,NA,NA,NA,NA,NA,NA,NA,NA,NA,NA,NA,NA,NA,NA,NA,NA,NA,NA,NA,NA,NA,NA,NA,NA,NA,NA,NA,NA,NA,NA,NA,NA,NA,NA,NA,NA,NA,NA,NA,3,4.4,189,9,44,2.97,0.4475
Calocera_viscosa,1,NA,NA,NA,NA,NA,NA,NA,NA,NA,NA,NA,NA,NA,NA,NA,NA,NA,NA,NA,NA,NA,NA,NA,NA,NA,NA,NA,NA,NA,NA,NA,NA,NA,NA,NA,NA,NA,NA,NA,NA,NA,4,2.9,28,9,NA,NA,NA
Imleria_badia,1,NA,NA,NA,NA,NA,NA,NA,NA,NA,NA,NA,NA,NA,NA,NA,NA,NA,NA,NA,NA,NA,NA,NA,NA,NA,NA,NA,NA,NA,NA,NA,NA,NA,NA,NA,NA,NA,NA,NA,NA,NA,6,5.4,23,5,43.94285714,5.0125,0.578461538
Boletus_edulis,0,NA,NA,NA,NA,NA,NA,NA,NA,NA,NA,NA,NA,NA,NA,NA,NA,NA,NA,NA,NA,NA,NA,NA,NA,NA,NA,NA,NA,NA,NA,NA,NA,NA,NA,NA,NA,NA,NA,NA,NA,NA,7,5.3,107,10,44.059,5.995,0.498333333
Mycena_galericulata,1,NA,NA,NA,NA,NA,NA,NA,NA,NA,NA,NA,NA,NA,NA,NA,NA,NA,NA,NA,NA,NA,NA,NA,NA,NA,NA,NA,NA,NA,NA,NA,NA,784,10.5,334.4853698,7.8,-0.894427191,-0.894427191,-0.894427191,-0.894427191,NA,10,2.5,21,8,NA,NA,NA
Scleroderma_citrinum,1,19,2,1,0,0,3,6,25,3,4,0,0,0,7,0,0,3,1,1,0,0,1,3,9,0,2,3,0,18,31,2,NA,NA,NA,NA,NA,NA,NA,NA,NA,NA,11,4.3,12,3,NA,NA,NA
Coniophora_puteana,1,22,2,12,4,0,2,3,18,3,3,6,0,2,14,0,0,10,4,1,0,1,1,4,10,1,1,0,0,18,25,4,NA,NA,NA,NA,NA,NA,NA,NA,NA,31.5891284,NA,NA,NA,NA,NA,NA,NA
Thelephora_terrestris,1,NA,NA,NA,NA,NA,NA,NA,NA,NA,NA,NA,NA,NA,NA,NA,NA,NA,NA,NA,NA,NA,NA,NA,NA,NA,NA,NA,NA,NA,NA,NA,NA,NA,NA,NA,NA,NA,NA,NA,NA,42.86904955,NA,NA,NA,NA,44,NA,0.72
Trametes_versicolor,1,16,4,5,0,0,2,3,0,2,2,3,1,4,11,0,0,18,5,1,26,0,1,4,11,3,6,0,0,17,30,2,NA,NA,NA,NA,NA,NA,NA,NA,NA,56.00782927,NA,NA,NA,NA,43.88148148,4.029230769,0.21
Punctularia_strigosozonata,1,13,4,9,3,0,2,8,0,2,2,7,1,5,10,0,0,13,2,2,11,0,1,4,8,1,3,1,0,18,26,3,NA,NA,NA,NA,NA,NA,NA,NA,NA,64.48982208,NA,NA,NA,NA,NA,NA,NA
Gloeophyllum_trabeum,1,14,2,5,4,0,2,7,0,3,7,5,0,0,9,0,0,4,2,2,0,1,1,4,14,1,2,1,0,17,27,3,NA,NA,NA,NA,NA,NA,NA,NA,NA,87.05770976,NA,NA,NA,NA,44,3.233333333,NA
Serpula_lacrymans,0,13,2,5,1,0,2,5,1,2,4,1,0,0,8,0,0,5,1,1,0,0,1,3,5,0,4,1,0,13,24,3,NA,NA,NA,NA,NA,NA,NA,NA,NA,91.0820314,NA,NA,NA,NA,NA,NA,NA
Cyclocybe_aegerita,1,NA,NA,NA,NA,NA,NA,NA,NA,NA,NA,NA,NA,NA,NA,NA,NA,NA,NA,NA,NA,NA,NA,NA,NA,NA,NA,NA,NA,NA,NA,NA,NA,NA,NA,NA,NA,NA,NA,NA,NA,99.5961725,NA,NA,NA,NA,NA,NA,NA
Pisolithus_microcarpus,0,12,2,1,0,0,3,1,19,2,4,1,0,0,6,0,0,4,0,1,0,0,1,1,14,0,5,1,0,18,33,3,NA,NA,NA,NA,NA,NA,NA,NA,NA,102.1924077,NA,NA,NA,NA,NA,NA,NA
Laccaria_bicolor,1,11,2,7,0,0,7,4,5,2,1,0,0,0,11,0,0,6,3,1,1,0,1,2,12,0,3,1,0,22,26,2,NA,2025,8.3,231.5914036,7.3,NA,NA,NA,NA,104.3203101,NA,NA,NA,NA,43.7,3.825,0.68
Aspergillus_carbonarius,0,NA,NA,NA,NA,NA,NA,NA,NA,NA,NA,NA,NA,NA,NA,NA,NA,NA,NA,NA,NA,NA,NA,NA,NA,NA,NA,NA,NA,NA,NA,NA,NA,NA,NA,NA,NA,NA,NA,NA,NA,108.8,NA,NA,NA,NA,NA,NA,NA
Wolfiporia_cocos,1,12,2,5,0,0,2,2,0,2,1,0,0,0,9,0,0,2,2,1,1,0,1,3,9,0,3,1,0,17,27,4,NA,NA,NA,NA,NA,NA,NA,NA,NA,142.7453969,NA,NA,NA,NA,NA,NA,NA
Postia_placenta,0,NA,NA,NA,NA,NA,NA,NA,NA,NA,NA,NA,NA,NA,NA,NA,NA,NA,NA,NA,NA,NA,NA,NA,NA,NA,NA,NA,NA,NA,NA,NA,NA,NA,NA,NA,NA,NA,NA,NA,NA,148.7771351,NA,NA,NA,NA,NA,NA,NA
Lentinula_edodes,1,NA,NA,NA,NA,NA,NA,NA,NA,NA,NA,NA,NA,NA,NA,NA,NA,NA,NA,NA,NA,NA,NA,NA,NA,NA,NA,NA,NA,NA,NA,NA,NA,NA,NA,NA,NA,NA,NA,NA,NA,227.8849313,NA,NA,NA,NA,44,NA,1.756842105
Cenococcum_geophilum,1,NA,NA,NA,NA,NA,NA,NA,NA,NA,NA,NA,NA,NA,NA,NA,NA,NA,NA,NA,NA,NA,NA,NA,NA,NA,NA,NA,NA,NA,NA,NA,NA,NA,NA,NA,NA,-0.894427191,-0.894427191,-0.894427191,-0.894427191,247.7511898,NA,NA,NA,NA,NA,NA,NA
Kazachstania_africana,0,1,1,1,3,14,2,0,0,3,4,0,0,0,3,0,0,0,0,0,0,1,0,0,3,0,0,0,0,20,26,1,NA,NA,NA,NA,NA,NA,NA,NA,NA,NA,NA,NA,NA,NA,NA,NA,NA
Schizosaccharomyces_octosporus,0,4,2,4,4,1,3,0,0,4,2,0,0,0,1,0,0,0,0,0,0,2,0,0,8,1,0,0,0,17,27,1,NA,NA,NA,NA,NA,NA,NA,NA,NA,NA,NA,NA,NA,NA,NA,NA,NA
Schizosaccharomyces_cryophilus,0,4,2,3,4,0,3,0,0,4,2,0,0,0,1,0,0,0,0,0,0,3,0,0,16,1,0,0,0,18,27,1,NA,NA,NA,NA,NA,NA,NA,NA,NA,NA,NA,NA,NA,NA,NA,NA,NA
Spathaspora_passalidarum,0,5,1,3,4,5,2,0,0,3,1,0,0,0,5,0,0,0,0,0,0,3,0,0,2,0,0,0,1,18,27,1,NA,NA,NA,NA,NA,NA,NA,NA,NA,NA,NA,NA,NA,NA,NA,NA,NA
Trichoderma_reesei,0,6,0,4,8,2,2,1,0,1,2,2,1,2,19,0,0,2,2,0,0,2,0,0,3,0,3,0,1,0,26,2,NA,NA,NA,NA,NA,NA,NA,NA,NA,NA,NA,NA,NA,NA,NA,NA,NA
Pyronema_omphalodes,0,6,2,5,7,1,3,2,0,1,6,5,1,2,5,0,0,9,1,0,1,1,1,1,5,1,13,1,1,19,27,1,NA,NA,NA,NA,NA,NA,NA,NA,NA,NA,NA,NA,NA,NA,NA,NA,NA
Dactylellina_haptotyla,1,8,4,5,6,3,3,2,0,1,5,8,1,5,8,0,0,27,1,0,0,1,1,0,3,0,29,1,2,19,26,1,NA,NA,NA,NA,NA,NA,NA,NA,NA,NA,NA,NA,NA,NA,NA,NA,NA
Verticillium_alfalfae,0,8,4,8,7,0,2,5,0,1,8,17,2,6,12,0,0,20,5,0,3,2,0,3,1,3,7,0,5,16,22,3,NA,NA,NA,NA,NA,NA,NA,NA,NA,NA,NA,NA,NA,NA,NA,NA,NA
Serendipita_indica,1,9,5,8,0,0,2,6,0,1,2,5,1,1,4,0,0,23,1,3,0,1,0,0,5,1,7,0,1,22,25,2,NA,NA,NA,NA,NA,NA,NA,NA,NA,NA,NA,NA,NA,NA,NA,NA,NA
Uncinocarpus_reesii,1,9,1,1,3,2,2,0,0,1,2,1,0,0,13,0,0,0,0,0,0,1,0,2,2,0,5,0,2,19,21,1,NA,NA,NA,NA,NA,NA,NA,NA,NA,NA,NA,NA,NA,NA,NA,NA,NA
Moesziomyces_antarcticus,1,9,1,4,1,0,2,3,0,1,1,3,0,0,2,1,0,0,0,1,0,0,1,3,1,2,2,0,1,19,27,2,NA,NA,NA,NA,NA,NA,NA,NA,NA,NA,NA,NA,NA,NA,NA,NA,NA
Volvariella_volvacea,1,10,3,6,0,0,4,6,1,2,4,13,4,11,13,0,0,30,2,1,7,0,3,4,9,0,4,1,1,19,23,2,NA,NA,NA,NA,NA,NA,NA,NA,NA,NA,NA,NA,NA,NA,NA,NA,NA
Dothistroma_septosporum,1,10,2,9,7,2,4,3,0,1,3,9,0,1,9,0,0,2,3,1,1,1,0,7,2,2,9,1,1,15,28,1,NA,NA,NA,NA,NA,NA,NA,NA,NA,NA,NA,NA,NA,NA,NA,NA,NA
Neofusicoccum_parvum,1,10,2,11,7,1,3,5,0,2,8,16,0,2,11,0,0,12,4,0,4,1,0,6,3,4,12,1,2,18,27,3,NA,NA,NA,NA,NA,NA,NA,NA,NA,NA,NA,NA,NA,NA,NA,NA,NA
Cylindrobasidium_torrendii,1,11,3,7,3,0,3,9,0,2,1,15,3,5,22,0,0,24,4,1,0,0,1,3,8,0,6,0,1,18,27,2,NA,NA,NA,NA,NA,NA,NA,NA,NA,NA,NA,NA,NA,NA,NA,NA,NA
Plicaturopsis_crispa,1,11,5,4,2,1,2,6,0,2,4,3,2,1,8,0,0,9,2,2,7,0,1,5,9,0,8,0,0,18,27,1,NA,NA,NA,NA,NA,NA,NA,NA,NA,NA,NA,NA,NA,NA,NA,NA,NA
Sphaerulina_musiva,1,11,3,9,7,2,3,4,0,1,1,5,0,0,5,0,0,2,2,1,1,1,0,5,2,2,13,2,2,17,27,1,NA,NA,NA,NA,NA,NA,NA,NA,NA,NA,NA,NA,NA,NA,NA,NA,NA
Grosmannia_clavigera,1,12,2,1,9,2,4,1,0,1,2,6,0,3,11,0,1,2,5,0,1,1,0,2,2,0,9,1,1,18,25,3,NA,NA,NA,NA,NA,NA,NA,NA,NA,NA,NA,NA,NA,NA,NA,NA,NA
Auricularia_subglabra,1,12,2,10,7,0,3,14,0,4,2,27,2,6,29,0,0,19,2,1,19,5,1,7,13,2,10,1,1,17,29,4,NA,NA,NA,NA,NA,NA,NA,NA,NA,NA,NA,NA,NA,NA,NA,NA,NA
Parastagonospora_nodorum,0,13,3,10,6,1,3,3,0,1,3,11,3,5,13,0,0,26,3,0,3,1,1,7,3,4,10,1,3,17,25,2,NA,NA,NA,NA,NA,NA,NA,NA,NA,NA,NA,NA,NA,NA,NA,NA,NA
Phanerochaete_carnosa,1,13,2,8,0,0,2,4,0,2,2,4,1,5,10,0,0,11,3,1,11,0,1,4,7,0,2,1,0,19,25,2,NA,NA,NA,NA,NA,NA,NA,NA,NA,NA,NA,NA,NA,NA,NA,NA,NA
Glarea_lozoyensis,0,13,3,4,12,4,3,3,0,1,5,12,3,5,14,0,0,24,2,0,5,1,0,3,6,3,17,2,2,17,24,1,NA,NA,NA,NA,NA,NA,NA,NA,NA,NA,NA,NA,NA,NA,NA,NA,NA
Fusarium_fujikuroi,0,13,3,8,9,2,4,6,0,1,5,23,1,3,16,0,0,13,4,1,1,3,0,0,3,6,14,1,4,18,26,2,NA,NA,NA,NA,NA,NA,NA,NA,NA,NA,NA,NA,NA,NA,NA,NA,NA
Aspergillus_fischeri,0,14,5,8,9,2,3,4,0,1,9,18,2,5,20,0,0,8,5,0,0,1,0,5,4,4,5,2,5,20,25,1,NA,NA,NA,NA,NA,NA,NA,NA,NA,NA,NA,NA,NA,NA,NA,NA,NA
Phlebiopsis_gigantea,1,15,2,6,0,0,2,3,0,2,2,5,1,5,11,0,0,14,3,1,9,0,1,4,4,0,3,0,0,16,26,2,NA,NA,NA,NA,NA,NA,NA,NA,NA,NA,NA,NA,NA,NA,NA,NA,NA
Sphaerobolus_stellatus,1,16,3,11,2,0,3,2,2,2,5,11,0,11,19,0,0,35,5,1,67,0,1,7,15,1,13,0,0,15,30,4,NA,NA,NA,NA,NA,NA,NA,NA,NA,NA,NA,NA,NA,NA,NA,NA,NA
Metarhizium_acridum,1,16,2,6,13,0,2,2,0,1,3,1,0,0,18,0,1,1,1,0,2,1,0,4,5,2,5,1,4,20,23,2,NA,NA,NA,NA,NA,NA,NA,NA,NA,NA,NA,NA,NA,NA,NA,NA,NA
Jaapia_argillacea,1,18,2,5,0,0,2,4,0,4,4,2,2,5,8,0,0,14,8,1,1,1,1,1,8,0,4,1,0,19,27,3,NA,NA,NA,NA,NA,NA,NA,NA,NA,NA,NA,NA,NA,NA,NA,NA,NA
Phlebia_brevispora,1,18,4,5,0,0,2,4,0,11,2,1,1,4,19,0,0,12,2,2,17,0,3,4,10,0,9,1,0,16,31,3,NA,NA,NA,NA,NA,NA,NA,NA,NA,NA,NA,NA,NA,NA,NA,NA,NA
Hydnomerulius_pinastri,1,22,2,6,6,0,2,3,14,3,4,2,0,4,11,0,0,14,3,1,0,0,1,3,5,0,6,1,0,18,29,3,NA,NA,NA,NA,NA,NA,NA,NA,NA,NA,NA,NA,NA,NA,NA,NA,NA
Dichomitus_squalens,0,22,2,6,1,0,2,3,0,2,5,7,1,4,14,0,0,14,3,0,12,0,1,5,14,2,3,0,0,19,25,3,NA,NA,NA,NA,NA,NA,NA,NA,NA,NA,NA,NA,NA,NA,NA,NA,NA
Metschnikowia_bicuspidata,0,NA,NA,NA,NA,NA,NA,NA,NA,NA,NA,NA,NA,NA,NA,NA,NA,NA,NA,NA,NA,NA,NA,NA,NA,NA,NA,NA,NA,NA,NA,NA,NA,NA,NA,NA,NA,NA,NA,NA,NA,NA,NA,NA,NA,NA,NA,NA,NA
Naumovozyma_castellii,0,NA,NA,NA,NA,NA,NA,NA,NA,NA,NA,NA,NA,NA,NA,NA,NA,NA,NA,NA,NA,NA,NA,NA,NA,NA,NA,NA,NA,NA,NA,NA,NA,NA,NA,NA,NA,NA,NA,NA,NA,NA,NA,NA,NA,NA,NA,NA,NA
Tolypocladium_capitatum,1,NA,NA,NA,NA,NA,NA,NA,NA,NA,NA,NA,NA,NA,NA,NA,NA,NA,NA,NA,NA,NA,NA,NA,NA,NA,NA,NA,NA,NA,NA,NA,NA,NA,NA,NA,NA,NA,NA,NA,NA,NA,NA,NA,NA,NA,NA,NA,NA
Lasallia_pustulata,1,NA,NA,NA,NA,NA,NA,NA,NA,NA,NA,NA,NA,NA,NA,NA,NA,NA,NA,NA,NA,NA,NA,NA,NA,NA,NA,NA,NA,NA,NA,NA,NA,NA,NA,NA,NA,NA,NA,NA,NA,NA,NA,NA,NA,NA,NA,NA,NA
Alyxoria_varia,0,NA,NA,NA,NA,NA,NA,NA,NA,NA,NA,NA,NA,NA,NA,NA,NA,NA,NA,NA,NA,NA,NA,NA,NA,NA,NA,NA,NA,NA,NA,NA,NA,NA,NA,NA,NA,NA,NA,NA,NA,NA,NA,NA,NA,NA,NA,NA,NA
Myriangium_duriaei,0,NA,NA,NA,NA,NA,NA,NA,NA,NA,NA,NA,NA,NA,NA,NA,NA,NA,NA,NA,NA,NA,NA,NA,NA,NA,NA,NA,NA,NA,NA,NA,NA,NA,NA,NA,NA,NA,NA,NA,NA,NA,NA,NA,NA,NA,NA,NA,NA
Earliella_scabrosa,0,NA,NA,NA,NA,NA,NA,NA,NA,NA,NA,NA,NA,NA,NA,NA,NA,NA,NA,NA,NA,NA,NA,NA,NA,NA,NA,NA,NA,NA,NA,NA,3.24,NA,NA,NA,NA,NA,NA,NA,NA,NA,NA,NA,NA,NA,NA,NA,NA
Purpureocillium_lilacinum,1,NA,NA,NA,NA,NA,NA,NA,NA,NA,NA,NA,NA,NA,NA,NA,NA,NA,NA,NA,NA,NA,NA,NA,NA,NA,NA,NA,NA,NA,NA,NA,5.1,NA,NA,NA,NA,NA,NA,NA,NA,NA,NA,NA,NA,NA,NA,NA,NA
Exophiala_sideris,1,NA,NA,NA,NA,NA,NA,NA,NA,NA,NA,NA,NA,NA,NA,NA,NA,NA,NA,NA,NA,NA,NA,NA,NA,NA,NA,NA,NA,NA,NA,NA,NA,NA,NA,NA,NA,NA,NA,NA,NA,NA,NA,NA,NA,NA,NA,NA,NA
Dactylonectria_macrodidyma,1,NA,NA,NA,NA,NA,NA,NA,NA,NA,NA,NA,NA,NA,NA,NA,NA,NA,NA,NA,NA,NA,NA,NA,NA,NA,NA,NA,NA,NA,NA,NA,NA,NA,NA,NA,NA,NA,0.894427191,NA,NA,NA,NA,NA,NA,NA,NA,NA,NA
Metarhizium_anisopliae,1,NA,NA,NA,NA,NA,NA,NA,NA,NA,NA,NA,NA,NA,NA,NA,NA,NA,NA,NA,NA,NA,NA,NA,NA,NA,NA,NA,NA,NA,NA,NA,NA,NA,NA,NA,NA,NA,1.460593487,NA,0.894427191,NA,NA,NA,NA,NA,NA,NA,NA
Alternaria_metachromatica,0,NA,NA,NA,NA,NA,NA,NA,NA,NA,NA,NA,NA,NA,NA,NA,NA,NA,NA,NA,NA,NA,NA,NA,NA,NA,NA,NA,NA,NA,NA,NA,NA,NA,NA,NA,NA,NA,0.894427191,0.894427191,NA,NA,NA,NA,NA,NA,NA,NA,NA
Saitoella_complicata,0,NA,NA,NA,NA,NA,NA,NA,NA,NA,NA,NA,NA,NA,NA,NA,NA,NA,NA,NA,NA,NA,NA,NA,NA,NA,NA,NA,NA,NA,NA,NA,NA,NA,NA,NA,NA,NA,NA,NA,NA,NA,NA,NA,NA,NA,NA,NA,NA
Daedalea_quercina,0,NA,NA,NA,NA,NA,NA,NA,NA,NA,NA,NA,NA,NA,NA,NA,NA,NA,NA,NA,NA,NA,NA,NA,NA,NA,NA,NA,NA,NA,NA,NA,NA,NA,NA,NA,NA,NA,NA,NA,NA,NA,NA,NA,NA,NA,NA,NA,NA
Erysiphe_necator,1,NA,NA,NA,NA,NA,NA,NA,NA,NA,NA,NA,NA,NA,NA,NA,NA,NA,NA,NA,NA,NA,NA,NA,NA,NA,NA,NA,NA,NA,NA,NA,NA,NA,NA,NA,NA,NA,NA,NA,NA,NA,NA,NA,NA,NA,NA,NA,NA
Tuber_brumale,1,NA,NA,NA,NA,NA,NA,NA,NA,NA,NA,NA,NA,NA,NA,NA,NA,NA,NA,NA,NA,NA,NA,NA,NA,NA,NA,NA,NA,NA,NA,NA,NA,NA,NA,NA,NA,NA,NA,NA,NA,NA,NA,NA,NA,NA,NA,NA,NA
Auriscalpium_vulgare,1,NA,NA,NA,NA,NA,NA,NA,NA,NA,NA,NA,NA,NA,NA,NA,NA,NA,NA,NA,NA,NA,NA,NA,NA,NA,NA,NA,NA,NA,NA,NA,NA,NA,NA,NA,NA,NA,NA,NA,NA,NA,NA,NA,NA,NA,42.7,1.7,NA
Gymnopilus_junonius,1,NA,NA,NA,NA,NA,NA,NA,NA,NA,NA,NA,NA,NA,NA,NA,NA,NA,NA,NA,NA,NA,NA,NA,NA,NA,NA,NA,NA,NA,NA,NA,NA,NA,NA,NA,NA,NA,NA,NA,NA,NA,NA,NA,NA,NA,43.3,4.1,NA
Mycena_maculata,1,NA,NA,NA,NA,NA,NA,NA,NA,NA,NA,NA,NA,NA,NA,NA,NA,NA,NA,NA,NA,NA,NA,NA,NA,NA,NA,NA,NA,NA,NA,NA,NA,NA,NA,NA,NA,NA,NA,NA,NA,NA,NA,NA,NA,NA,44,4.51,0.64
Abortiporus_biennis,1,NA,NA,NA,NA,NA,NA,NA,NA,NA,NA,NA,NA,NA,NA,NA,NA,NA,NA,NA,NA,NA,NA,NA,NA,NA,NA,NA,NA,NA,NA,NA,NA,NA,NA,NA,NA,NA,NA,NA,NA,NA,NA,NA,NA,NA,44,NA,0.41
Lentinus_tigrinus,0,NA,NA,NA,NA,NA,NA,NA,NA,NA,NA,NA,NA,NA,NA,NA,NA,NA,NA,NA,NA,NA,NA,NA,NA,NA,NA,NA,NA,NA,NA,NA,NA,NA,NA,NA,NA,NA,NA,NA,NA,NA,NA,NA,NA,NA,44,NA,0.33
Cerioporus_squamosus,0,NA,NA,NA,NA,NA,NA,NA,NA,NA,NA,NA,NA,NA,NA,NA,NA,NA,NA,NA,NA,NA,NA,NA,NA,NA,NA,NA,NA,NA,NA,NA,NA,NA,NA,NA,NA,NA,NA,NA,NA,NA,NA,NA,NA,NA,44,NA,0.34
Pleurotus_djamor,1,NA,NA,NA,NA,NA,NA,NA,NA,NA,NA,NA,NA,NA,NA,NA,NA,NA,NA,NA,NA,NA,NA,NA,NA,NA,NA,NA,NA,NA,NA,NA,NA,NA,NA,NA,NA,NA,NA,NA,NA,NA,NA,NA,NA,NA,44,NA,0.76
Ophiocordyceps_sinensis,0,NA,NA,NA,NA,NA,NA,NA,NA,NA,NA,NA,NA,NA,NA,NA,NA,NA,NA,NA,NA,NA,NA,NA,NA,NA,NA,NA,NA,NA,NA,NA,NA,NA,NA,NA,NA,NA,NA,NA,NA,NA,NA,NA,NA,NA,44,NA,1.17
Eremothecium_gossypii,0,1,0,1,5,9,2,0,0,3,1,0,0,0,1,0,0,0,0,0,0,2,1,0,6,1,0,0,0,17,NA,1,NA,NA,NA,NA,NA,NA,NA,NA,NA,NA,NA,NA,NA,NA,NA,NA,NA
Tuber_melanosporum,1,5,1,5,0,1,2,0,0,1,3,1,0,0,4,0,0,2,1,0,0,2,1,1,3,1,4,1,1,15,31,0,NA,NA,NA,NA,NA,NA,NA,NA,NA,NA,NA,NA,NA,NA,NA,NA,NA
Rhizophagus_irregularis,0,7,1,2,0,0,3,0,0,1,4,0,0,0,1,0,6,0,0,4,0,0,0,0,13,0,5,1,2,27,35,1,NA,NA,160,410501.4401,70,NA,NA,NA,NA,NA,NA,NA,NA,NA,NA,NA,NA
Neurospora_tetrasperma,0,9,2,5,9,3,3,1,0,1,4,5,3,5,10,0,0,14,1,0,0,1,0,2,3,1,7,1,1,19,26,2,NA,NA,NA,NA,NA,NA,NA,NA,NA,NA,NA,NA,NA,NA,NA,NA,NA
Cordyceps_militaris,0,9,2,4,10,2,2,0,0,1,2,1,0,0,20,0,0,1,1,0,0,1,0,4,2,1,7,1,3,17,25,2,NA,NA,NA,NA,NA,NA,NA,NA,NA,NA,NA,NA,NA,NA,44,NA,0.87
Oidiodendron_maius,1,10,4,13,13,3,5,8,0,2,17,14,2,8,27,0,0,8,8,0,0,2,0,9,5,4,7,1,2,19,25,1,NA,NA,NA,NA,NA,-0.201017924,-1.177510339,-0.447213596,-1.177510339,NA,NA,NA,NA,NA,NA,NA,NA
Serendipita_vermifera,1,11,2,4,0,0,2,4,0,1,2,3,2,5,4,0,0,32,1,1,0,2,0,0,7,1,16,1,3,21,26,4,NA,NA,NA,NA,NA,-0.64823152,-0.134011949,-0.486864496,0.182574186,NA,NA,NA,NA,NA,NA,NA,NA
Phaeoacremonium_minimum,1,11,3,11,9,2,6,1,0,1,5,6,3,6,9,0,0,13,2,1,2,2,0,2,2,2,9,1,3,19,23,2,NA,NA,NA,NA,NA,NA,NA,NA,NA,NA,NA,NA,NA,NA,NA,NA,NA
Fomes_fomentarius,1,NA,NA,NA,NA,NA,NA,NA,NA,NA,NA,NA,NA,NA,NA,NA,NA,NA,NA,NA,NA,NA,NA,NA,NA,NA,NA,NA,NA,NA,NA,NA,4.71,NA,NA,NA,NA,NA,NA,NA,NA,NA,NA,NA,NA,NA,44,1.423333333,NA
Ilyonectria_robusta,1,NA,NA,NA,NA,NA,NA,NA,NA,NA,NA,NA,NA,NA,NA,NA,NA,NA,NA,NA,NA,NA,NA,NA,NA,NA,NA,NA,NA,NA,NA,NA,NA,NA,NA,NA,NA,-0.804071696,0.26463941,-2.19089023,-0.365148372,NA,NA,NA,NA,NA,NA,NA,NA
Penicillium_solitum,0,NA,NA,NA,NA,NA,NA,NA,NA,NA,NA,NA,NA,NA,NA,NA,NA,NA,NA,NA,NA,NA,NA,NA,NA,NA,NA,NA,NA,NA,NA,NA,NA,NA,NA,NA,NA,NA,0.894427191,NA,0.894427191,NA,NA,NA,NA,NA,NA,NA,NA
Hymenopellis_radicata,0,NA,NA,NA,NA,NA,NA,NA,NA,NA,NA,NA,NA,NA,NA,NA,NA,NA,NA,NA,NA,NA,NA,NA,NA,NA,NA,NA,NA,NA,NA,NA,NA,NA,NA,NA,NA,NA,NA,NA,NA,NA,NA,3.2,14,17,44,NA,0.35
Lactarius_deliciosus,0,NA,NA,NA,NA,NA,NA,NA,NA,NA,NA,NA,NA,NA,NA,NA,NA,NA,NA,NA,NA,NA,NA,NA,NA,NA,NA,NA,NA,NA,NA,NA,NA,NA,NA,NA,NA,NA,NA,NA,NA,NA,NA,3.2,27,9,44.3,3.856,0.544
Russula_ochroleuca,1,NA,NA,NA,NA,NA,NA,NA,NA,NA,NA,NA,NA,NA,NA,NA,NA,NA,NA,NA,NA,NA,NA,NA,NA,NA,NA,NA,NA,NA,NA,NA,NA,7225,9,265.0718801,7.5,NA,NA,NA,NA,NA,NA,3.6,47,7,44,NA,0.26
Suillus_bovinus,0,NA,NA,NA,NA,NA,NA,NA,NA,NA,NA,NA,NA,NA,NA,NA,NA,NA,NA,NA,NA,NA,NA,NA,NA,NA,NA,NA,NA,NA,NA,NA,NA,NA,NA,NA,NA,NA,NA,NA,NA,NA,NA,NA,NA,NA,44,3.7,0.62
Gigaspora_margarita,1,NA,NA,NA,NA,NA,NA,NA,NA,NA,NA,NA,NA,NA,NA,NA,NA,NA,NA,NA,NA,NA,NA,NA,NA,NA,NA,NA,NA,NA,NA,NA,NA,NA,220,5575279.763,220,NA,NA,NA,NA,NA,NA,NA,NA,NA,NA,NA,NA
Armillaria_borealis,0,NA,NA,NA,NA,NA,NA,NA,NA,NA,NA,NA,NA,NA,NA,NA,NA,NA,NA,NA,NA,NA,NA,NA,NA,NA,NA,NA,NA,NA,NA,NA,NA,4225,8,104.7197551,5,NA,NA,NA,NA,NA,NA,NA,NA,NA,40.7,2.8,NA
Agaricus_bisporus,0,NA,NA,NA,NA,NA,NA,NA,NA,NA,NA,NA,NA,NA,NA,NA,NA,NA,NA,NA,NA,NA,NA,NA,NA,NA,NA,NA,NA,NA,NA,NA,NA,12625,9,213.823341,6.55,NA,NA,NA,NA,NA,NA,NA,NA,NA,43.86666667,3.34,0.39
Gymnopus_androsaceus,1,NA,NA,NA,NA,NA,NA,NA,NA,NA,NA,NA,NA,NA,NA,NA,NA,NA,NA,NA,NA,NA,NA,NA,NA,NA,NA,NA,NA,NA,NA,NA,NA,81,7.8,75.51446261,4.3,NA,NA,NA,NA,NA,NA,NA,NA,NA,44,NA,0.65
Mycena_epipterygia,1,NA,NA,NA,NA,NA,NA,NA,NA,NA,NA,NA,NA,NA,NA,NA,NA,NA,NA,NA,NA,NA,NA,NA,NA,NA,NA,NA,NA,NA,NA,NA,NA,400,9,199.0984344,6.5,NA,NA,NA,NA,NA,NA,NA,NA,NA,44,2.74,0.81
Marasmius_oreades,1,NA,NA,NA,NA,NA,NA,NA,NA,NA,NA,NA,NA,NA,NA,NA,NA,NA,NA,NA,NA,NA,NA,NA,NA,NA,NA,NA,NA,NA,NA,NA,NA,900,9.5,124.3547092,5,NA,NA,NA,NA,NA,NA,NA,NA,NA,44,NA,0.765
Tricholoma_matsutake,1,NA,NA,NA,NA,NA,NA,NA,NA,NA,NA,NA,NA,NA,NA,NA,NA,NA,NA,NA,NA,NA,NA,NA,NA,NA,NA,NA,NA,NA,NA,NA,NA,NA,NA,NA,NA,NA,NA,NA,NA,NA,NA,NA,NA,NA,44,NA,0.295
Pleurotus_eryngii,0,NA,NA,NA,NA,NA,NA,NA,NA,NA,NA,NA,NA,NA,NA,NA,NA,NA,NA,NA,NA,NA,NA,NA,NA,NA,NA,NA,NA,NA,NA,NA,NA,NA,NA,NA,NA,NA,NA,NA,NA,NA,NA,NA,NA,NA,44,NA,0.625
Pleurotus_cornucopiae,0,NA,NA,NA,NA,NA,NA,NA,NA,NA,NA,NA,NA,NA,NA,NA,NA,NA,NA,NA,NA,NA,NA,NA,NA,NA,NA,NA,NA,NA,NA,NA,NA,NA,NA,NA,NA,NA,NA,NA,NA,NA,NA,NA,NA,NA,44,NA,0.515
Pleurotus_pulmonarius,1,NA,NA,NA,NA,NA,NA,NA,NA,NA,NA,NA,NA,NA,NA,NA,NA,NA,NA,NA,NA,NA,NA,NA,NA,NA,NA,NA,NA,NA,NA,NA,NA,NA,NA,NA,NA,NA,NA,NA,NA,NA,NA,NA,NA,NA,44,NA,1.28
Mycena_rosella,1,NA,NA,NA,NA,NA,NA,NA,NA,NA,NA,NA,NA,NA,NA,NA,NA,NA,NA,NA,NA,NA,NA,NA,NA,NA,NA,NA,NA,NA,NA,NA,NA,100,8,96.50972632,4.8,NA,NA,NA,NA,NA,NA,NA,NA,NA,44.1,5.1,NA
Ogataea_polymorpha,0,NA,NA,NA,NA,NA,NA,NA,NA,NA,NA,NA,NA,NA,NA,NA,NA,NA,NA,NA,NA,NA,NA,NA,NA,NA,NA,NA,NA,NA,NA,NA,NA,NA,NA,NA,NA,NA,NA,NA,NA,NA,NA,NA,NA,NA,47.4,5.725,NA
Bipolaris_sorokiniana,0,12,2,9,7,1,4,5,0,1,5,14,2,7,18,0,0,23,3,0,4,2,1,4,5,5,12,1,3,19,27,2,NA,NA,NA,NA,NA,NA,NA,NA,NA,0.915,NA,NA,NA,NA,NA,NA,NA
Paecilomyces_variotii,1,NA,NA,NA,NA,NA,NA,NA,NA,NA,NA,NA,NA,NA,NA,NA,NA,NA,NA,NA,NA,NA,NA,NA,NA,NA,NA,NA,NA,NA,NA,NA,NA,NA,NA,NA,NA,NA,NA,NA,NA,77.6,NA,NA,NA,NA,NA,NA,NA
Stereum_hirsutum,1,16,3,8,4,0,2,5,0,2,5,10,1,3,13,0,0,16,5,1,6,2,1,6,5,1,8,1,0,16,26,2,NA,NA,NA,NA,NA,NA,NA,NA,NA,144.4320114,NA,NA,NA,NA,NA,NA,NA
Fomitiporia_mediterranea,1,12,1,5,0,0,2,6,0,2,5,7,1,2,12,0,0,13,3,1,17,0,1,4,7,0,2,0,0,18,28,3,NA,NA,NA,NA,NA,NA,NA,NA,NA,327.9574715,NA,NA,NA,NA,NA,NA,NA
Pneumocystis_jirovecii,1,1,0,1,1,0,0,0,0,1,0,0,0,0,0,0,0,0,0,1,0,1,0,0,0,2,0,0,0,17,25,1,NA,NA,NA,NA,NA,NA,NA,NA,NA,NA,NA,NA,NA,NA,NA,NA,NA
Rozella_allomycis,0,2,0,2,0,0,0,0,0,0,2,0,0,0,3,0,0,0,0,0,0,0,1,0,5,0,5,0,0,26,24,2,NA,NA,NA,NA,NA,NA,NA,NA,NA,NA,NA,NA,NA,NA,NA,NA,NA
Torulaspora_delbrueckii,0,5,1,1,2,9,2,0,0,2,1,0,0,0,2,0,0,0,0,0,0,2,0,0,2,2,0,0,1,18,26,1,NA,NA,NA,NA,NA,NA,NA,NA,NA,NA,NA,NA,NA,NA,NA,NA,NA
Tilletiaria_anomala,1,6,2,2,0,0,2,1,0,0,1,1,0,0,5,1,0,0,0,1,0,0,1,0,2,2,0,0,1,16,28,1,NA,NA,NA,NA,NA,NA,NA,NA,NA,NA,NA,NA,NA,NA,NA,NA,NA
Trichophyton_verrucosum,1,7,1,2,3,2,1,0,0,1,1,1,0,0,13,0,0,0,0,0,0,1,0,2,1,0,1,0,2,22,21,1,NA,NA,NA,NA,NA,NA,NA,NA,NA,NA,NA,NA,NA,NA,NA,NA,NA
Coprinopsis_cinerea,1,7,4,4,0,0,4,6,0,2,3,4,4,6,9,0,0,33,1,1,1,0,2,3,8,0,20,1,3,21,25,2,NA,NA,NA,NA,NA,NA,NA,NA,NA,NA,NA,NA,NA,NA,NA,NA,NA
Conidiobolus_coronatus,0,7,1,4,0,0,1,0,0,2,6,0,0,0,20,0,0,0,0,1,0,1,0,0,15,0,49,0,2,20,27,2,NA,NA,NA,NA,NA,NA,NA,NA,NA,NA,NA,NA,NA,NA,NA,NA,NA
Microsporum_canis,1,8,1,2,3,3,1,0,0,1,3,1,0,0,20,0,0,0,0,0,0,1,0,2,1,0,1,0,1,20,26,1,NA,NA,NA,NA,NA,NA,NA,NA,NA,NA,NA,NA,NA,NA,NA,NA,NA
Trichophyton_rubrum,0,8,1,2,3,3,1,0,0,1,2,1,0,0,13,0,0,0,0,0,0,1,0,2,1,0,1,0,2,21,26,1,NA,NA,NA,NA,NA,NA,NA,NA,NA,NA,NA,NA,NA,NA,NA,NA,NA
Paracoccidioides_brasiliensis,0,8,1,2,5,2,1,0,0,1,4,1,0,0,4,0,0,0,0,0,0,1,0,2,1,0,6,1,1,18,24,2,NA,NA,NA,NA,NA,NA,NA,NA,NA,NA,NA,NA,NA,NA,NA,NA,NA
Malassezia_globosa,1,8,0,2,0,0,1,1,0,2,1,1,0,0,1,1,0,0,0,0,0,0,1,0,0,0,0,0,0,16,22,1,NA,NA,NA,NA,NA,NA,NA,NA,NA,NA,NA,NA,NA,NA,NA,NA,NA
Coccidioides_immitis,1,9,1,2,3,3,2,0,0,1,2,1,0,0,8,0,0,0,0,1,0,1,0,1,2,0,3,0,1,22,26,1,NA,NA,NA,NA,NA,NA,NA,NA,NA,NA,NA,NA,NA,NA,NA,NA,NA
Histoplasma_capsulatum,0,9,1,3,3,1,1,0,0,1,3,2,0,0,7,0,0,0,0,0,0,1,0,1,2,0,8,0,1,16,23,2,NA,NA,NA,NA,NA,NA,NA,NA,NA,NA,NA,NA,NA,NA,NA,NA,NA
Penicillium_digitatum,0,9,2,6,6,2,2,1,0,1,5,3,1,2,7,0,0,1,2,0,0,1,0,4,3,3,1,0,1,20,26,1,NA,NA,NA,NA,NA,NA,NA,NA,NA,NA,NA,NA,NA,NA,NA,NA,NA
Verticillium_dahliae,1,9,4,9,8,1,3,6,0,1,8,18,2,6,18,0,0,24,6,0,2,2,0,3,2,3,6,1,7,15,24,3,NA,NA,NA,NA,NA,NA,NA,NA,NA,NA,NA,NA,NA,NA,NA,NA,NA
Beauveria_bassiana,0,11,2,6,8,2,2,1,0,1,1,2,0,0,18,0,0,1,1,0,0,1,0,4,3,1,8,1,3,21,26,2,NA,NA,NA,NA,NA,NA,NA,NA,NA,NA,NA,NA,NA,NA,NA,NA,NA
Penicillium_oxalicum,0,12,3,6,8,3,2,1,0,1,6,13,1,3,14,0,0,4,3,0,0,1,0,4,4,2,3,1,3,20,27,1,NA,NA,NA,NA,NA,NA,NA,NA,NA,NA,NA,NA,NA,NA,NA,NA,NA
Pyrenophora_teres,0,12,2,8,6,0,4,4,0,1,4,13,1,3,10,0,0,24,2,0,3,2,1,6,2,3,11,1,2,19,28,2,NA,NA,NA,NA,NA,NA,NA,NA,NA,NA,NA,NA,NA,NA,NA,NA,NA
Bipolaris_oryzae,1,12,2,10,8,1,4,5,0,1,5,14,2,7,14,0,0,24,3,0,5,2,1,5,3,3,12,1,3,18,27,2,NA,NA,NA,NA,NA,NA,NA,NA,NA,NA,NA,NA,NA,NA,NA,NA,NA
Bipolaris_zeicola,0,13,2,10,8,1,4,5,0,1,5,16,2,7,14,0,0,23,3,0,5,2,1,4,3,3,12,1,3,18,26,2,NA,NA,NA,NA,NA,NA,NA,NA,NA,NA,NA,NA,NA,NA,NA,NA,NA
Bipolaris_victoriae,0,13,2,10,8,1,4,4,0,1,5,17,2,7,16,0,0,23,3,0,5,2,1,5,3,3,14,1,3,18,27,2,NA,NA,NA,NA,NA,NA,NA,NA,NA,NA,NA,NA,NA,NA,NA,NA,NA
Metarhizium_robertsii,0,14,2,6,14,1,2,4,0,1,3,1,0,0,26,0,1,1,1,0,1,1,0,5,4,1,8,0,4,20,25,2,NA,NA,NA,NA,NA,NA,NA,NA,NA,NA,NA,NA,NA,NA,NA,NA,NA
Clavispora_lusitaniae,0,NA,NA,NA,NA,NA,NA,NA,NA,NA,NA,NA,NA,NA,NA,NA,NA,NA,NA,NA,NA,NA,NA,NA,NA,NA,NA,NA,NA,NA,NA,NA,NA,NA,NA,NA,NA,NA,NA,NA,NA,NA,NA,NA,NA,NA,NA,NA,NA
Pneumocystis_carinii,1,NA,NA,NA,NA,NA,NA,NA,NA,NA,NA,NA,NA,NA,NA,NA,NA,NA,NA,NA,NA,NA,NA,NA,NA,NA,NA,NA,NA,NA,NA,NA,NA,NA,NA,NA,NA,NA,NA,NA,NA,NA,NA,NA,NA,NA,NA,NA,NA
Ceratocystis_fimbriata,0,NA,NA,NA,NA,NA,NA,NA,NA,NA,NA,NA,NA,NA,NA,NA,NA,NA,NA,NA,NA,NA,NA,NA,NA,NA,NA,NA,NA,NA,NA,NA,NA,NA,NA,NA,NA,NA,NA,NA,NA,NA,NA,NA,NA,NA,NA,NA,NA
Trichoglossum_hirsutum,1,NA,NA,NA,NA,NA,NA,NA,NA,NA,NA,NA,NA,NA,NA,NA,NA,NA,NA,NA,NA,NA,NA,NA,NA,NA,NA,NA,NA,NA,NA,NA,NA,NA,NA,NA,NA,NA,NA,NA,NA,NA,NA,NA,NA,NA,NA,NA,NA
Venturia_inaequalis,0,NA,NA,NA,NA,NA,NA,NA,NA,NA,NA,NA,NA,NA,NA,NA,NA,NA,NA,NA,NA,NA,NA,NA,NA,NA,NA,NA,NA,NA,NA,NA,NA,NA,NA,NA,NA,NA,NA,NA,NA,NA,NA,NA,NA,NA,NA,NA,NA
Trichothecium_roseum,1,NA,NA,NA,NA,NA,NA,NA,NA,NA,NA,NA,NA,NA,NA,NA,NA,NA,NA,NA,NA,NA,NA,NA,NA,NA,NA,NA,NA,NA,NA,NA,9,NA,NA,NA,NA,NA,NA,NA,NA,NA,NA,NA,NA,NA,NA,NA,NA
Exophiala_xenobiotica,1,NA,NA,NA,NA,NA,NA,NA,NA,NA,NA,NA,NA,NA,NA,NA,NA,NA,NA,NA,NA,NA,NA,NA,NA,NA,NA,NA,NA,NA,NA,NA,NA,NA,NA,NA,NA,NA,0.894427191,NA,NA,NA,NA,NA,NA,NA,NA,NA,NA
Blastomyces_dermatitidis,0,NA,NA,NA,NA,NA,NA,NA,NA,NA,NA,NA,NA,NA,NA,NA,NA,NA,NA,NA,NA,NA,NA,NA,NA,NA,NA,NA,NA,NA,NA,NA,NA,NA,NA,NA,NA,NA,NA,0.894427191,NA,NA,NA,NA,NA,NA,NA,NA,NA
Talaromyces_pinophilus,0,NA,NA,NA,NA,NA,NA,NA,NA,NA,NA,NA,NA,NA,NA,NA,NA,NA,NA,NA,NA,NA,NA,NA,NA,NA,NA,NA,NA,NA,NA,NA,NA,NA,NA,NA,NA,NA,NA,NA,NA,NA,NA,NA,NA,NA,NA,NA,NA
Trichoderma_asperellum,0,NA,NA,NA,NA,NA,NA,NA,NA,NA,NA,NA,NA,NA,NA,NA,NA,NA,NA,NA,NA,NA,NA,NA,NA,NA,NA,NA,NA,NA,NA,NA,NA,NA,NA,NA,NA,NA,0.894427191,NA,NA,NA,NA,NA,NA,NA,NA,NA,NA
Clonostachys_rosea,1,NA,NA,NA,NA,NA,NA,NA,NA,NA,NA,NA,NA,NA,NA,NA,NA,NA,NA,NA,NA,NA,NA,NA,NA,NA,NA,NA,NA,NA,NA,NA,NA,NA,NA,NA,NA,-0.894427191,0,-0.894427191,0,NA,NA,NA,NA,NA,NA,NA,NA
Phycomyces_blakesleeanus,1,NA,NA,NA,NA,NA,NA,NA,NA,NA,NA,NA,NA,NA,NA,NA,NA,NA,NA,NA,NA,NA,NA,NA,NA,NA,NA,NA,NA,NA,NA,NA,NA,NA,NA,NA,NA,NA,NA,NA,NA,NA,NA,NA,NA,NA,NA,NA,NA
Spiromyces_aspiralis,0,NA,NA,NA,NA,NA,NA,NA,NA,NA,NA,NA,NA,NA,NA,NA,NA,NA,NA,NA,NA,NA,NA,NA,NA,NA,NA,NA,NA,NA,NA,NA,NA,NA,NA,NA,NA,NA,NA,NA,NA,NA,NA,NA,NA,NA,NA,NA,NA
Grifola_frondosa,0,NA,NA,NA,NA,NA,NA,NA,NA,NA,NA,NA,NA,NA,NA,NA,NA,NA,NA,NA,NA,NA,NA,NA,NA,NA,NA,NA,NA,NA,NA,NA,NA,NA,NA,NA,NA,NA,NA,NA,NA,NA,NA,NA,NA,NA,44,NA,0.59
Exophiala_spinifera,1,NA,NA,NA,NA,NA,NA,NA,NA,NA,NA,NA,NA,NA,NA,NA,NA,NA,NA,NA,NA,NA,NA,NA,NA,NA,NA,NA,NA,NA,NA,NA,NA,NA,NA,NA,NA,NA,NA,NA,NA,NA,NA,NA,NA,NA,NA,NA,NA
Epicoccum_nigrum,0,NA,NA,NA,NA,NA,NA,NA,NA,NA,NA,NA,NA,NA,NA,NA,NA,NA,NA,NA,NA,NA,NA,NA,NA,NA,NA,NA,NA,NA,NA,NA,NA,NA,NA,NA,NA,NA,NA,NA,NA,NA,NA,NA,NA,NA,NA,NA,NA
Chaetomium_globosum,0,8,2,6,10,1,2,1,0,1,2,15,3,8,17,0,0,36,4,0,0,1,0,2,3,3,15,0,2,17,25,2,NA,NA,NA,NA,NA,NA,NA,NA,NA,NA,NA,NA,NA,NA,44,2.5,NA
Neurospora_crassa,0,10,2,6,9,2,3,2,0,1,5,5,3,5,9,0,0,14,2,0,0,1,0,2,3,1,9,1,2,18,28,2,NA,NA,NA,NA,NA,NA,NA,NA,NA,NA,NA,NA,NA,NA,NA,NA,NA
Pyrenophora_tritici-repentis,1,10,0,8,6,1,4,4,0,1,5,12,1,3,9,0,0,15,2,0,4,2,1,0,2,3,12,1,2,0,22,2,NA,NA,NA,NA,NA,NA,NA,NA,NA,NA,NA,NA,NA,NA,NA,NA,NA
Trichoderma_virens,0,11,2,5,8,2,2,5,0,1,4,3,1,2,30,0,0,3,4,0,0,2,0,7,6,1,4,0,1,19,27,2,11.6,NA,NA,NA,NA,0.894427191,NA,NA,NA,NA,NA,NA,NA,NA,NA,NA,NA
Sclerotinia_sclerotiorum,1,11,4,6,11,4,3,1,0,1,4,5,0,3,12,0,0,9,5,2,0,1,0,5,2,1,4,1,1,19,24,1,NA,NA,NA,NA,NA,-0.223606798,-0.596284794,-0.082065224,-0.447213596,NA,NA,NA,NA,NA,NA,NA,NA
Aureobasidium_pullulans,1,11,3,9,9,3,3,3,0,1,7,28,1,1,7,0,0,6,3,2,3,1,1,1,3,5,4,1,3,21,27,2,NA,NA,NA,NA,NA,NA,NA,NA,NA,NA,NA,NA,NA,NA,NA,NA,NA
Fusarium_solani,0,11,0,9,8,2,4,8,0,2,7,26,1,3,23,0,0,9,6,0,1,1,0,0,4,6,7,1,4,0,22,2,NA,NA,NA,NA,NA,NA,NA,NA,NA,NA,NA,NA,NA,NA,NA,NA,NA
Bipolaris_maydis,0,12,2,9,8,1,4,5,0,1,5,15,2,6,15,0,0,23,3,0,5,3,1,5,3,3,12,1,3,18,27,2,NA,NA,NA,NA,NA,NA,NA,NA,NA,NA,NA,NA,NA,NA,NA,NA,NA
Pyricularia_grisea,1,16,2,6,7,1,3,3,0,1,5,16,3,6,13,0,0,19,3,0,2,2,0,6,3,4,16,1,3,17,28,2,NA,NA,NA,NA,NA,NA,NA,NA,NA,NA,NA,NA,NA,NA,NA,NA,NA
Fusarium_oxysporum,1,19,3,8,11,1,4,5,0,1,7,26,1,3,28,0,0,16,4,1,1,1,0,0,17,14,11,1,4,17,23,2,11.2,NA,NA,NA,NA,-0.894427191,0,-0.894427191,-0.894427191,NA,NA,NA,NA,NA,44,1.566666667,0.306666667
Umbelopsis_ramanniana,1,NA,NA,NA,NA,NA,NA,NA,NA,NA,NA,NA,NA,NA,NA,NA,NA,NA,NA,NA,NA,NA,NA,NA,NA,NA,NA,NA,NA,NA,NA,NA,4.3,NA,NA,NA,NA,NA,NA,NA,NA,NA,NA,NA,NA,NA,NA,NA,NA
Fusarium_culmorum,0,NA,NA,NA,NA,NA,NA,NA,NA,NA,NA,NA,NA,NA,NA,NA,NA,NA,NA,NA,NA,NA,NA,NA,NA,NA,NA,NA,NA,NA,NA,NA,12,NA,NA,NA,NA,NA,NA,NA,NA,NA,NA,NA,NA,NA,42.7,6.3,1.89
Rhizopus_stolonifer,0,NA,NA,NA,NA,NA,NA,NA,NA,NA,NA,NA,NA,NA,NA,NA,NA,NA,NA,NA,NA,NA,NA,NA,NA,NA,NA,NA,NA,NA,NA,NA,14.2,NA,NA,NA,NA,NA,NA,NA,NA,NA,NA,NA,NA,NA,NA,NA,NA
Trichoderma_harzianum,1,NA,NA,NA,NA,NA,NA,NA,NA,NA,NA,NA,NA,NA,NA,NA,NA,NA,NA,NA,NA,NA,NA,NA,NA,NA,NA,NA,NA,NA,NA,NA,18,NA,NA,NA,NA,NA,NA,NA,NA,NA,NA,NA,NA,NA,44,NA,0.866666667
Microdochium_bolleyi,1,NA,NA,NA,NA,NA,NA,NA,NA,NA,NA,NA,NA,NA,NA,NA,NA,NA,NA,NA,NA,NA,NA,NA,NA,NA,NA,NA,NA,NA,NA,NA,NA,NA,NA,NA,NA,NA,0.894427191,NA,0.894427191,NA,NA,NA,NA,NA,NA,NA,NA
Rhizophlyctis_rosea,1,NA,NA,NA,NA,NA,NA,NA,NA,NA,NA,NA,NA,NA,NA,NA,NA,NA,NA,NA,NA,NA,NA,NA,NA,NA,NA,NA,NA,NA,NA,NA,NA,NA,NA,NA,NA,NA,NA,NA,NA,NA,NA,NA,NA,NA,NA,NA,NA
Cyberlindnera_jadinii,0,NA,NA,NA,NA,NA,NA,NA,NA,NA,NA,NA,NA,NA,NA,NA,NA,NA,NA,NA,NA,NA,NA,NA,NA,NA,NA,NA,NA,NA,NA,NA,NA,NA,NA,NA,NA,NA,NA,NA,NA,NA,NA,NA,NA,NA,44,NA,0.64
Paraglomus_occultum,1,NA,NA,NA,NA,NA,NA,NA,NA,NA,NA,NA,NA,NA,NA,NA,NA,NA,NA,NA,NA,NA,NA,NA,NA,NA,NA,NA,NA,NA,NA,NA,NA,NA,100,378300.1154,85,NA,NA,NA,NA,NA,NA,NA,NA,NA,NA,NA,NA
Puccinia_striiformis,1,8,3,5,4,1,1,2,0,1,1,1,0,8,17,0,1,0,2,0,0,1,1,0,5,2,4,0,0,15,32,2,NA,NA,NA,NA,NA,NA,NA,NA,NA,NA,NA,NA,NA,NA,NA,NA,NA
Xylaria_acuta,1,NA,NA,NA,NA,NA,NA,NA,NA,NA,NA,NA,NA,NA,NA,NA,NA,NA,NA,NA,NA,NA,NA,NA,NA,NA,NA,NA,NA,NA,NA,NA,NA,NA,NA,NA,NA,NA,NA,NA,NA,NA,NA,NA,NA,NA,NA,NA,NA
Xylaria_hypoxylon,1,NA,NA,NA,NA,NA,NA,NA,NA,NA,NA,NA,NA,NA,NA,NA,NA,NA,NA,NA,NA,NA,NA,NA,NA,NA,NA,NA,NA,NA,NA,NA,NA,NA,NA,NA,NA,NA,NA,NA,NA,NA,NA,NA,NA,NA,NA,NA,NA
Scheffersomyces_stipitis,0,3,0,3,5,8,3,0,0,3,0,0,0,0,4,0,0,0,0,0,0,3,0,0,1,0,0,0,1,0,26,1,NA,NA,NA,NA,NA,NA,NA,NA,NA,NA,NA,NA,NA,NA,NA,NA,NA
Debaryomyces_hansenii,0,4,1,3,4,9,3,6,0,2,1,0,0,0,5,0,0,0,0,0,0,2,0,1,0,1,0,0,1,19,28,2,NA,NA,NA,NA,NA,NA,NA,NA,NA,NA,NA,NA,NA,NA,NA,NA,NA
Yarrowia_lipolytica,0,4,1,1,6,8,5,0,0,2,0,0,0,0,3,0,0,0,0,0,0,4,0,0,3,1,0,0,1,19,27,1,NA,NA,NA,NA,NA,NA,NA,NA,NA,NA,NA,NA,NA,NA,47.308,5.448,0.728
Saccharomyces_cerevisiae,0,6,1,1,2,17,3,0,0,3,2,0,1,0,2,0,0,0,0,1,0,2,0,0,2,1,0,0,1,21,26,2,NA,NA,NA,NA,NA,NA,NA,NA,NA,NA,NA,NA,NA,NA,43.50909091,8.435757576,1.751818182
Schizosaccharomyces_pombe,0,5,2,4,4,1,2,0,0,4,1,0,0,0,1,0,0,0,0,0,0,2,0,0,2,2,0,0,0,19,27,1,NA,NA,NA,NA,NA,NA,NA,NA,NA,NA,NA,NA,NA,NA,NA,NA,NA
Cryptococcus_neoformans,1,6,2,3,0,2,2,2,0,1,0,0,0,0,3,0,0,1,0,2,0,0,0,1,0,1,0,0,1,18,25,2,NA,NA,NA,NA,NA,NA,NA,NA,NA,NA,NA,NA,NA,NA,NA,NA,NA
Kluyveromyces_lactis,0,7,1,1,2,9,3,0,0,3,0,0,0,0,2,0,0,0,0,0,0,2,0,1,2,1,0,0,1,19,26,1,NA,NA,NA,NA,NA,NA,NA,NA,NA,NA,NA,NA,NA,NA,NA,NA,NA
Kluyveromyces_marxianus,0,NA,NA,NA,NA,NA,NA,NA,NA,NA,NA,NA,NA,NA,NA,NA,NA,NA,NA,NA,NA,NA,NA,NA,NA,NA,NA,NA,NA,NA,NA,NA,NA,NA,NA,NA,NA,NA,NA,NA,NA,NA,NA,NA,NA,NA,44.13,7.923333333,1.35